{
  "db_id": "mister_sqlite3",
  "timestamp": 1744409712,
  "files": {
    "Scripts/install_sqlite3_mister.sh": {
      "hash": "a50ddb307345d24e9f88bae09bdf5242",
      "size": 2455,
      "url": "https://raw.githubusercontent.com/towerwatchman/MiSTer_Sqlite3/db/Scripts/install_sqlite3_mister.sh",
      "tags": ["sqlite3", "utility"],
      "overwrite": true,
      "reboot": false
    }
  },
  "folders": {
    "Scripts/": {
      "tags": ["sqlite3"]
    }
  },
  "default_options": {
    "filter": "sqlite3"
  }
}
