{
  "db_id": "mister_sqlite3",
  "timestamp": 1744408732,
  "files": {
    "Scripts/install_sqlite3_mister.sh": {
      "hash": "c1b119c2a04df551c07003273fff1603",
      "size": 1654,
      "url": "https://raw.githubusercontent.com/towerwatchman/MiSTer_Sqlite3/db/Scripts/install_sqlite3_mister.sh",
      "tags": ["sqlite3", "utility"],
      "overwrite": true,
      "reboot": false
    }
  },
  "folders": {
    "Scripts/": {
      "tags": ["sqlite3"]
    }
  },
  "default_options": {
    "filter": "sqlite3"
  }
}
